,affiliation_locations,affiliation_names,first_name,last_name
0,"['Sydney, NSW, Australia']",['University of Technology Sydney'],Muhammad,Abu ul Fazal
1,"['Yokohama-shi, Kanagawa, Japan']",['Keio University'],Shuichi,Adachi
2,"['Montreal, Quebec, Canada', 'Stanford, CA, USA']","['McGill University', 'CCRMA']",Yuval,Adler
3,"['San Diego, CA, USA']",['University of California San Diego'],Tahereh,Afghah
4,"['Kgs. Lyngby, Denmark']",['Technical University of Denmark'],Finn,Agerkvist
5,"['Little Ferry, NJ, USA']",['Eventide Inc.'],Anthony,Agnello
6,"['Troy, NY, USA']",['Rensselear Polytechnic Institute'],Sarvesh,Agrawal
7,"['Nashville, Tennessee, USA']",['METAlliance'],Chuck,Ainlay
8,"['Flushing, NY, USA', 'New York, NY, USA']","['Owl Fiber Optics', 'Institute of Audio Research']",Ronald,Ajemian
9,['None'],['Berklee College of Music'],Prince,Alexander
10,"['San Francisco, CA, USA']","['Dolby Laboratories, Inc.']",Ioan,Allen
11,"['Hamburg, Germany']",['New Audio Technology GmbH'],Tom,Ammermann
12,"['Kgs. Lyngby, Denmark']",['Technical University of Denmark'],Michael,Andersen
13,"['Pittsburgh, PA, USA']",['University of Pittsburgh'],David,Anderson
14,"['New York, NY, USA', 'New York, NY, USA']","['Anderson Audio NY', 'Clive Davis Institute of Recorded Music, New York University']",Jim,Anderson
15,['None'],['Laboratory of Music Acoustics and Technology'],Areti,Andreopoulou
16,"['Quebec city, Canada']",['Ubisoft'],lydia,andrew
17,"['Athens, Greece']",['National and Kapodistrian University of Athens'],Evangelos,Angelakis
18,"['Aachen, Germany']",['RWTH Aachen University'],Christiane,Antweiler
19,['None'],['None'],Rafael,Arcaute
20,"['York, UK']",['University of York'],Calum,Armstrong
21,"['Berkeley, CA, USA']",['Meyer Sound Laboratories'],Jon,Arneson
22,"['Brooklyn, NY, USA', 'Purchase, NY, USA']","['Audio Piranha LLC', 'Purchase College']",Pablo,Arraya
23,"['San Francisco, CA, USA']","['Magic Leap, Inc.']",Rémi,Audfray
24,"['Portland, ME USA']",['Gateway Mastering Studios'],Adam,Ayan
25,"['Tampere, Finland', 'Iisalmi, Finland']","['Huawei Technologies', 'Genelec Oy']",Juha,Backman
26,"['Espoo, Finland']",['Aalto University'],Tom,Bäckström
27,['None'],"['Sr Media Transport Architect, Broadcast Infrastructure & Technology, BEST Engineering']",Bob,Baker
28,['None'],['Les Paul Foundation'],Sue,Baker
29,['None'],['None'],Matthew,Ballos
30,"['Boston, MA, USA', 'None']","['Berklee College of Music', 'MAMMA BARRA']",Erin,Barra
31,['None'],['Sonasterio Studios'],Bruno,Barros
32,"['London, UK']",['Queen Mary University London'],Mathieu,Barthet
33,"['Cincinnati, OH, USA']",['Beach Dynamics'],Mark,Beach
34,['None'],['None'],Frank,Beacham
35,"['Santiago de Chile, Chile', 'None']","['Universidad Tecnologica de Chile INACAP', 'SABE Sonido']",Cristian,Becerra Benítez
36,"['Mittweida, Germany']",['DirectOut GmbH'],Claudio,Becker-Foss
37,"['Santa Clara, CA USA']","['DSP Concepts, Inc.']",Paul,Beckmann
38,['None'],['Riedel'],David,Beckwith
39,"['Ilmenau, Germany']",['Fraunhofer Institute for Digital Media Technology IDMT'],Daniel,Beer
40,['None'],['None'],Michael,Beinhorn
41,"['New York, NY, USA']",['Thompson/Nomad Studios'],Louis,Benedetti
42,"['Coral Gables, FL, USA']",['University of Miami'],Christopher,Bennett
43,"['Erlangen, Germany']",['Fraunhofer IIS'],Ane,Berasategui Ceberio
44,"['Vancouver, WA, USA']","['HP, Inc.']",David,Berfanger
45,"['Piteå, Sweden']",['Luleå University of Technology'],Jan,Berg
46,"['Aachen, Germany']",['RWTH Aachen University'],Marco,Berzborn
47,"['New York, NY, USA']",['New York University'],Tom,Beyer
48,"['Valencia, CA USA']",['Samsung Research America'],Andri,Bezzola
49,"['San Francisco, CA, USA']","['HP Labs., Inc.']",Sunil,Bharitkar
50,"['New York, NY, USA']",['Entercom.com'],David,Bialik
51,"['Indianapolis, IN, USA']","['Purdue School of Engineering and Technology, IUPUI']",Doug,Bielmeier
52,"['Copenhagen, Denmark']",['Aalborg University'],Francesco,Bigoni
53,"['Somerville, MA, USA']",['Traffic Entertainment Group'],Jason,Bitner
54,"['New York, NY, USA']",['New York University'],Rachel,Bittner
55,"['Ventura, CA, USA']",['MediaRooms Technology LLC'],Bruce,Black
56,"['Bedford, MA, USA', 'Boston, MA, USA']","['Quiethouse Recording', 'Audio Builders Workshop']",Dereck,Blackburn
57,"['San Jose, CA, USA']",['Fraunhofer USA Digital Media Technologies'],Robert,Bleidt
58,"['New York, NY, USA']",['Arup'],Nathan,Blum
59,"['Rochester, NY, USA']",['University of Rochester'],Mark,Bocko
60,['None'],['None'],Niko,Bolas
61,"['Milano, IT']",['Politecnico di Milano'],Luca,Bondi
62,['None'],['Bongiovi Acoustics'],Tony,Bongiovi
63,"['Burbank, CA, USA']",['igloo music'],Gustavo,Borner
64,"['Paris, France']",['IRCAM'],Henri,Boutin
65,"['Berkeley, CA, USA']",['Swineshead Productions LLC'],David,Bowles
66,"['Troy, NY, USA']",['Rensselear Polytechnic Institute'],Jonas,Braasch
67,"['Shinan ICT, Incheon, Korea']",['State University of New York Korea'],Cornelius,Bradter
68,"['New York, NY, USA']",['Michael Brauer'],Michael,Brauer
69,['None'],['Les Paul Foundation'],Michael,Braunstein
70,"['Berlin, Germany', 'Wedemark, Germany']","['Georg Neumann Berlin', 'Sennheiser Electronic']",Jürgen,Breitlow
71,"['Montreal, Canada']",['Eidos Montreal'],Rob,Bridgett
72,"['Smørum, Denmark', 'Allerød, Denmark']","['EBB-consult', 'DPA Microphones']",Eddy,Brixen
73,"['London, UK']",['Queen Mary University London'],Gary,Bromham
74,['None'],['RTS'],Michael,Brown
75,['None'],"['Audio Product Manager, TSL Products']",Stephen,Brownsill
76,"['Valencia, CA USA', 'Digital Media Solutions']","['Samsung Research America', 'Audio Group']",Pascal,Brunet
77,"['Niles, IL USA']",['Shure Incorporated'],Mark,Brunner
78,"['Kgs. Lyngby, Denmark']",['Technical University of Denmark'],Jonas,Brunskog
79,['None'],['WKNY Radio'],Jimmy,Buff
80,"['Nashville, TN, USA']",['Belmont University'],Wesley,Bulla
81,"['Cambridge, UK']",['MathWorks'],Gabriele,Bunkheila
82,"['Northridge, CA, USA']",['Harman International'],James,Bunning
83,"['Erlangen, Germany']",['Fraunhofer IIS'],Elena,Burdiel Pérez
84,"['Brooklyn, NY, USA']","['DamianL, Inc.']",Chris,Burke
85,"['Northridge, CA, USA']",['Harman International'],Doug,Button
86,"['Washington, DC']",['NPR'],Rob,Byers
87,['None'],[''],Eduardo,Cabra
88,"['Tampere, Finland']",['Tampere University of Technology'],Emre,Çakir
89,"['San Francisco, CA, USA']",['THX Ltd.'],Juan,Calle Benitez
90,"['Parma, Italy']",['Contralto Audio srl'],Paolo,Calza
91,"['Austrian TV', 'European Broadcasting Union']","['ORF', 'EBU']",Florian,Camerer
92,"['Rochester, NY, USA']",['University of Rochester'],Olivia,Canavan
93,"['Milan, Italy']",['Politecnico di Milano'],Antonio,Canclini
94,"['Köthen, Germany']",['Anhalt University of Applied Sciences'],Alexander,Carôt
95,"['San Francisco, CA, USA']",['Dolby Laboratories'],Tim,Carroll
96,"['Lowell, MA, USA']",['University of Massachusetts Lowell'],Alex,Case
97,"['Kgs. Lyngby, Denmark']",['Technical University of Denmark'],Diego,Caviedes Nozal
98,"['Valencia, CA, USA']",['Samsung Research America'],Adrian,Celestinos
99,"['Puidoux, Switzerland']",['Merging Technologies'],Claude,Cellier
100,"['New York, NY, USA']",['DTV Audio Group'],Roger,Charlesworth
101,"['Venice, CA, USA']",['Edward Cherney Company'],Ed,Cherney
102,"['Montreal, Quebec, Canada']",['McGill University'],Justin,Chervony
103,"['Birmingham, UK']",['Birmingham City University'],Matthew,Cheshire
104,"['Hamburg, Germany']",['HAW Hamburg'],Noé,Chevalier
105,"['London, UK']",['Queen Mary University London'],Elaine,Chew
106,"['Milan, Italy']",['Contralto Audio srl'],Letizia,Chisari
107,['None'],"['Artificial Intelligence Research Center, Korea Electronics Technology Institute']",Choongsang,Cho
108,"['Cracow, Poland', 'Kepno, Poland']","['AGH University of Science and Technology', 'Mega-Acoustic']",Bartlomiej,Chojnacki
109,"['Suwon, Korea']","['Samsung Electronics Co., Ltd.']",Kihyun,Choo
110,"['Manchester, UK']",['Naked Productions'],Tony,Churnside
111,['None'],['None'],Richard,Chycki
112,"['Old Lyme, CT USA']",['Sennheiser'],Joe,Ciaudelli
113,"['Guildford, Surrey, UK']",['University of Surrey'],Craig,Cieciura
114,['None'],"['Manhattan Sound Technicians, Inc.']",Eddie,Ciletti
115,"['Belo Horizonte, Brazil']",['Walters Storyk Design Group'],Renato,Cipriano
116,['None'],['Clair Global'],Troy,Clair
117,"['Alcalá de Henares, Madrid, Spain']",['University of Alcalá'],César,Clares-Crespo
118,['None'],['Live Sound International'],Keith,Clark
119,['None'],['CP Communications'],Henry,Cohen
120,['None'],['None'],Reuben,Cohen
121,['None'],['None'],Linda,Cole
122,"['Guildford, Surrey, UK']",['University of Surrey'],Philip,Coleman
123,"['Milan, Italy']",['Politecnico di Milano'],Luca,Comanducci
124,"['Marcoussis, France']",['L-Acoustics'],Christophe,Combet
125,"['Kansas City, KS, USA', 'None']","['Kansas City Kansas Community College', 'off-beat-open-hats recording & sound reinforcement']",Ian,Corbett
126,"['Marcoussis, France']",['L-Acoustics'],Etienne,Corteel
127,"['Marcoussis, France']",['L-Acoustics'],Hugo,Coste Dombre
128,"['Salford, UK']",['University of Salford'],Trevor,Cox
129,"['Rochester, NY, USA']",['University of Rochester'],Steven,Crawford
130,"['Lexington, MA, USA', 'Cambridge, MA, USA']","['Audio Builders Workshop', 'Bridge Sound and Stage']",Owen,Curtin
131,"['Krakow, Poland']",['AGH University of Science and Technology'],Dorota,Czopek
132,"['Gdansk, Poland']",['Gdansk University of Technology'],Andrzej,Czyzewski
133,"['Scandicci, Italy', 'Gothenburg, Sweden']","['Powersoft S.P.A.', 'Dalbjorn Audio AB']",Klas,Dalbjörn
134,['None'],['McDSP'],Kris,Daniel
135,"['London, UK']",['Waves'],David,Darlington
136,"['Beaverton, OR, USA']",['Audio Precision'],Jayant,Datta
137,"['Cambridge, UK']",['Jade Electronics Ltd'],John,Dawson
138,"['Birmingham, UK']",['Birmingham City University'],Brecht,De Man
139,['Germany'],['DELTA Soundworks'],Daniel,Deboy
140,"['Natick, MA, USA', 'Lowell, MA, USA']","['MathWorks', 'UMass Lowell']",Charlie,DeVane
141,"['Parma, Italy']",['Contralto Audio srl'],Mario,Di Cola
142,"['Erlangen, Germany', 'Erlangen, Germany']","['International Audio Laboratories Erlangen, a joint institution of Universität Erlangen-Nürnberg and Fraunhofer IIS', 'Fraunhofer Institute for Integrated Circuits IIS']",Sascha,Dick
143,"['San Francisco, CA, USA']","['Magic Leap, Inc.']",Sam,Dicker
144,"['Erlangen, Germany']",['Fraunhofer IIS'],Sascha,Disch
145,"['Aran-Villette, Vaud, Switzerland']",['SoundChip'],Mark,Donaldson
146,"['Williamsburg, VA, USA']",['Kludge Audio'],Scott,Dorsey
147,['Rastatt Germany'],['Lawo AG'],Michael,Dosch
148,"['Los Angeles, CA, USA']",['The Recording Academy'],Maureen,Droney
149,['None'],['JetWave Wireless'],Jim,Dugan
150,"['New York, NY, USA', 'None']","['Flux Studios', 'Flux Studios']",Fab,Dupont
151,"['Erlangen, Germany']",['International Audio Laboratories Erlangen'],Bernd,Edler
152,"['York, UK']",['University of York'],Hauke,Egermann
153,"['Liege, Belgium']",['University of Liege'],Jean-Jacques,Embrechts
154,['None'],['None'],Steve,Epstein
155,"['La Jolla, CA, USA']",['University of California San Diego'],Tom,Erbe
156,"['Nashville, TN, USA']",['Belmont University'],Joseph,Erichsen
157,"['Mt. Vernon NY, USA']",['Best Audio'],Pete,Erskine
158,"['Berkeley, CA, USA']",['Meyer Sound Laboratories'],Pablo,Espinosa
159,"['Alcalá de Henares, Madrid, Spain']",['University of Alcalá'],Rubén,Espino-Sanjosé
160,"['Uster, Zürich, Switzerland', 'Lausanne, Switzerland']","['Illusonic GmbH', 'EPFL']",Christof,Faller
161,"['Uster, Switzerland']",['Illusonic GmbH'],Alexis,Favrot
162,"['London, UK']",['Queen Mary University of London'],György,Fazekas
163,"['Southampton, Hampshire, UK']",['University of Southampton'],Filippo,Fazi
164,"['Erlangen, Germany']",['International Audio Laboratories Erlangen'],Esther,Feichtner
165,"['Huddersfield, West Yorkshire, UK']",['University of Huddersfield'],Steven,Fenton
166,"['Sydney, NSW, Australia']",['University of Technology'],Samuel,Ferguson
167,"['Alcalá de Henares, Madrid, Spain']",['University of Alcalá'],Alfredo,Fernández-Toloba
168,"['Cambridge, MA, USA']","['Director of Engineering, iZotope']",Lisa,Ferrante-Walsh
169,"['Porto, Portugal']",['University of Porto'],Aníbal,Ferreira
170,['None'],['None'],Frank,Filipetti
171,"['Brewster, NY, USA']",['Tom Fine Audio Services'],Thomas,Fine
172,"['Erlangen, Germany']",['International Audio Laboratories Erlangen'],Johannes,Fischer
173,"['San Francisco, CA, USA']",['THX Ltd.'],Patrick,Flanagan
174,"['New York, NY, USA']",['Soundtrack Film & Television'],Tom,Fleischman
175,"['Erlangen, Germany']",['Fraunhofer Institute for Integrated Circuits IIS'],Felix,Fleischmann
176,"['Beaverton, OR, USA']",['Audio Precision'],Dan,Foley
177,['None'],['Saturday Night Live'],Stacey,Foster
178,"['New York, NY, USA']",['Telos Systems/Omnia Audio'],Frank,Foti
179,"['None', 'Staines-Upon Thames, Surrey, UK']","['Samsung Electronics R&D', 'Institute UK']",Holly,Francois
180,"['Salford, UK']",['BBC Research and Development'],Jon,Francombe
181,['None'],['ClearCom'],Craig,Fredrickson
182,"['Greendell, NJ, USA']",['JRF Magnetic Sciences Inc'],John,French
183,['None'],"['Partner & Head of Production, CHAPTER']",José,Frías
184,['None'],['None'],David,Frost
185,['None'],['Northeast Radio Watch'],Scott,Fybush
186,"['Los Angeles, CA, USA']",['Bakery Mastering'],Jett,Galindo
187,"['Mountain View, CA, USA']",['Google'],Ricardo,Garcia
188,"['Alcalá de Henares, Madrid, Spain']",['University of Alcalá'],Joaquín,García-Gómez
189,"['Brighton, UK']",['Mix Messiah Productions'],Leslie,Gaston-Bird
190,"['Beijing, China']",['Peking University'],Zhongshu,Ge
191,"['Woodland Hills, CA USA', 'Salford, UK']","['Source Sound VR', 'University of Salford']",Linda,Gedemer
192,"['New York, NY, USA']",['New York University'],Paul,Geluso
193,"['Athens, Greece']",['National and Kapodistrian University of Athens'],Anastasia,Georgaki
194,"['Morgan Hill, CA, USA', 'Morgan Hill, CA, USA']","['Skyline Entertainment and Publishing', 'Tool Shed Studios']",Bt,Gibbs
195,['None'],['RTS'],Scott,Gillman
196,"['Alcalá de Henares, Madrid, Spain']",['University of Alcalá'],Roberto,Gil-Pita
197,['None'],['Clean Wireless'],Jason,Glass
198,"['Philadephia, PA, USA']",['DIY Recording Equipment'],Peterson,Goodwyn
199,"['Hamburg, Germany']",['Hamburg University of Applied Sciences'],Thomas,Görne
200,"['Ann Arbor, MI, USA']",['University of Michigan'],Mitchell,Graham
201,"['Guildford, Surrey, UK']",['University of Surrey'],Emad,Grais
202,"['Los Angeles, CA, USA']",['Osiris Studio'],Michael,Graves
203,"['Alexandria, VA']",['classical-discography.org'],Michael,Gray
204,"['Stow, OH, USA']",['Alteros'],Jackie,Green
205,"['Cambridge, MA, USA']",['David Griesinger Acoustics'],David,Griesinger
206,['None'],['None'],Florian,Grond
207,"['Lannion, France']",['Orange'],Laetitia,Gros
208,"['Boulder, CO, USA']",['AVA Networks'],Kevin,Gross
209,['None'],['Sterling Sound'],Adam,Grover
210,"['Rennes, France', 'Rennes, France']","['Centrale-Supélec', '3D Sound Labs']",Corentin,Guezenoc
211,"['Erlangen, Germany']",['International Audio Laboratories Erlangen'],Emanuël,Habets
212,"['Southampton, UK']",['University of Southampton'],Eric,Hamdan
213,"['Derby, Derbyshire, UK', 'Colchester, UK']","['University of Derby', 'Peter Mapp Associates']",Ross,Hammond
214,"['Chofu-shi, Tokyo, Japan']",['University of Electro-Communications'],Yoichi,Haneda
215,['None'],['None'],Kai,Harada
216,"['Nashville, TN, USA', 'Pago Pago, American Samoa']","['Telos Alliance', 'South Seas Broadcasting Corp.']",Kirk,Harnack
217,"['Montreal, QC, Canada']",['Audiokinetic'],Nathan,Harris
218,['Japan'],['Sharp Corporation'],Hisao,Hattori
219,"['Basel, Switzerland']",['Walters Storyk Design Group'],Gabriel,Hauser
220,"['Rochester, NY, USA']",['University of Rochester'],Michael,Heilemann
221,['CNRS-Sorbonne Université'],['IRCAM'],Thomas,Hélie
222,"['Salford, UK']",['BBC Research and Development'],Kristian,Hentschel
223,"['Erlangen, Germany', 'Erlangen, Germany']","['International Audio Laboratories Erlangen', 'Fraunhofer IIS']",Jürgen,Herre
224,['None'],['Richard L Hess'],Richard,Hess
225,"['Kgs. Lyngby, Denmark']",['Technical University of Denmark'],Franz,Heuchel
226,"['Munich, Germany']",['ALC NetworX GmbH'],Andreas,Hildebrand
227,"['Derby, Derbyshire, UK']",['University of Derby'],Adam,Hill
228,"['Superior, WI, USA', 'Superior, WI, USA']","['Crane Song Inc.', 'Dave Hill Designs']",David,Hill
229,"['Birmingham, UK']",['Birmingham City University'],Jason,Hockman
230,"['Bozeman, MT, USA']",['Montana State University'],Ethan,Hoerr
231,"['None', 'London, UK']","['Yamaha R&D', 'Centre']",Terry,Holton
232,"['Marcoussis, France']",['L-Acoustics'],Yoachim,Horyn
233,['None'],['Inveniem'],Michael,Howe
234,"['Beijing, China']",['Peking University'],Qingbo,Huang
235,"['Gastonia, NC, USA', 'Berlin, Germany']","['Excelsior Audio', 'AFMG']",Charles,Hughes
236,"['Salford, Greater Manchester, UK']",['University of Salford'],Richard,Hughes
237,"['Hannover, Germany']",['Leibniz Universität Hannover'],Robert,Hupke
238,"['Bloomington, IN, USA']",['Equity Sound Investments'],Steven,Hutt
239,"['Erlangen, Germany']",['International Audio Laboratories Erlangen'],Miguel,Ibáñez Calvo
240,"['Istanbul, Turkey']",['GitarLive'],Mertcan,Içuz
241,"['Tokyo, Japan']",['NHK Science & Technology Research Laboratories'],Atsuro,Ito
242,"['Kogens Lyngby, Denmark']",['Technical University of Denmark'],Niels,Iversen
243,['Japan'],['Sharp Corporation'],Kenichi,Iwauchi
244,"['Boston, MA, USA']",['Berklee College of Music'],Rob,Jaczko
245,"['Aachen, Germany']",['RWTH Aachen University'],Peter,Jax
246,"['Seoul, Korea']",['Samsung Electronics Co. Ltd.'],Jonghoon,Jeong
247,"['Dunstable, Bedfordshire, UK']",['County Analytics Ltd'],Paul,Jessop
248,"['Birmingham, UK']",['Birmingham City University'],Nicholas,Jillings
249,['None'],['Gwangju Institute of Science and Technology'],Moon,Jo
250,"['Sydney, NSW, Australia']",['University of Technology'],Andrew,Johnston
251,"['York, UK']",['University of York'],Daniel,Johnston
252,"['San Rafael, CA, USA']","['Recording Engineer and Producer, Director of Music Recording and Scoring, Skywalker Sound']",Leslie,Jones
253,['None'],['None'],Sammy,Jones
254,"['Santa Cruz, CA, USA']","['Josephson Engineering, Inc.']",David,Josephson
255,"['San Francisco, CA, USA']",['Magic Leap'],Jean-Marc,Jot
256,"['Gyeonggi-do, Korea']","['Shinan Information & Communication Co., Ltd.']",Kichel,Ju
257,['None'],"['The Heart, WNYC']",Mitra,Kaboli
258,"['Kingston, NY, USA']",['Positive Feedback llc'],Lee,Kalish
259,"['Calabasas, CA, USA']",['XPERI/DTS'],Ton,Kalker
260,"['Nashville, TN, USA']",['Addiction Sound Studios'],David,Kalmusky
261,"['None', 'Backnang, Germany']","['d&b', 'audiotechnik GmbH']",Henning,Kaltheuner
262,"['Berkeley, CA, USA']",['Meyer Sound Laboratories'],Jonathan,Kamrava
263,"['New York, NY, USA']","['Audio Director, Avalanche Studios']",Jason,Kanter
264,['None'],['WKNY Radio'],Kale,Kaposhilin
265,"['Erlangen, Germany']",['Fraunhofer Institute for Integrated Circuits IIS'],Aleksandr,Karapetyan
266,"['Islamabad, Pakistan']",['Quaid-i-Azam University'],Muhammad,Karim
267,"['Orlando, FL, USA']",['Digital Domain Mastering'],Bob,Katz
268,"['Washington DC, USA']",['Kean Consulting LLC'],John,Kean
269,"['York, UK']",['University of York'],Gavin,Kearney
270,['None'],['Don)'],Jr.,Keele
271,"['Seattle, WA, USA']",['Microsoft'],Sally,Kellaway
272,"['Aachen, Germany']",['RWTH Aachen University'],Maximillian,Kentgens
273,"['Hamburg, Germany']","['HAW Hamburg,']",Philipp,Kessling
274,"['Northridge, CA, USA']",['Harman International'],Omid,Khonsaripour
275,"['New York, NY, USA']",['John Kilgore Sound & Recording'],John,Kilgore
276,"['Buena Park, CA, USA']",['Yamaha Professional Audio'],Patrick,Killianey
277,"['Guildford, Surrey, UK']",['University of Surrey'],Chungeun,Kim
278,['None'],['Gwangju Institute of Science and Tech'],Hong,Kim
279,"['New York, NY, USA']",['New York University'],Sungsoo,Kim
280,"['Montreal, Quebec, Canada', 'Montreal, Quebec, Canada']","['McGill University', 'The Centre for Interdisciplinary Research in Music Media and Technology']",Richard,King
281,['None'],['None'],Eliot,Kissileff
282,"['Amsterdam, Netherlands', 'Alkmaar, Netherlands.']","['Phantom Sound B.V.', 'TritonAudio.']",Joost,Kist
283,"['Tokyo, Japan']",['NHK Science & Technology Research Laboratories'],Shu,Kitajima
284,"['Richmond, CA, USA']",['Menlo Scientific Ltd.'],Michael,Klasco
285,"['Dresden, Germany']",['Klippel GmbH'],Wolfgang,Klippel
286,"['Stuttgart, Germany']",['Stuttgart Media University'],Andreas,Koch
287,"['New York, NY, USA']","['Dolby Laboratories, Inc.']",Thomas,Kodros
288,"['Berkeley, CA, USA']",['Meyer Sound Laboratories'],Paul,Kohut
289,"['Setagaya-ku, Tokyo, Japan', 'Shinjuku-ku, Tokyo, Japan']","['NHK Science and Technology Research Laboratories', 'Waseda University']",Tomoyasu,Komori
290,['None'],['None'],Danny,Kortchmar
291,"['Vilnius, Lithuania']",['Vilnius University'],Grazina,Korvel
292,"['Phoenix, AZ, USA']",['Central Sound at Arizona PBS'],Alex,Kosiorek
293,"['Gdansk, Poland', 'None']","['Gdansk University of Technology', 'Audio Acoustics Lab.']",Bozena,Kostek
294,"['Athens, Greece']",['National and Kapodistrian University of Athens'],George,Kosteletos
295,"['Le Grand-Saconnex, Genéve, Switzerland']",['European Broadcasting Union'],Ievgen,Kostiukevych
296,"['Kraków, Poland']",['AGH University of Science and Technology'],Konrad,Kowalczyk
297,['None'],['Netflix'],Scott,Kramer
298,['None'],['IATSE'],Matt,Kraus
299,"['Kraków, Poland']",['AGH University of Science and Technology'],Daniel,Krause
300,"['Hanover, MA, USA', 'Boston, MA, USA']","['Professional Audio Design', 'Emerson College']",John,Krivit
301,"['Tokyo, Japan']",['NHK'],Hiroki,Kubo
302,"['Valencia, CA, USA']",['Samsung Research America'],Glenn,Kubota
303,"['Aachen, Germany']",['RWTH Aachen University'],Stefan,Kühl
304,"['Köthen, Germany']",['Anhalt University of Applied Sciences'],Christoph,Kuhr
305,"['Gdansk, Poland']",['Gdansk University of Technology'],Adam,Kurowski
306,"['West Hartford, CT, USA']","['The Hartt School, University of Hartford']",Justin,Kurtz
307,"['Munich, Germany']",['HUAWEI Technologies Duesseldorf GmbH'],Yesenia,Lacouture Parodi
308,"['Andover, MA, USA']",['Clockworks Signal Processing LLC'],Brewster,LaMacchia
309,"['Richardson, TX, USA']",['Harman International'],Russ,Lambert
310,"['Towson, MD, USA']",['Towson University'],Elsa,Lankford
311,['Scandicci'],['Powersoft S.p.a.'],Claudio,Lastrucci
312,"['Washington, DC, USA']",['National Association of Broadcasters'],David,Layer
313,['None'],['Gwangju Institute of Science and Technology'],Geon,Lee
314,"['Huddersfield, UK']",['University of Huddersfield'],Hyunkook,Lee
315,"['Rochester, NY, USA']",['University of Rochester'],Ming-Lun,Lee
316,"['Luleå, Sweden']",['Luleå University of Technology'],Nyssim,Lefford
317,"['Medford, MA, USA']",['Tufts University'],Paul,Lehrman
318,"['Boston, MA, USA']",['American Tower'],Jim,Leifer
319,['None'],['RafterMarsh'],Phillipp,Lengeling
320,"['Victoria, BC, Canada']",['Freelance Music Producer / Audio Educator'],Theresa,Leonard
321,"['Irvine, CA USA']",['PD Squared'],Scott,Leslie
322,"['New York / Havana', 'New York/Havana']","['Music Has No Enemies', 'Habanico']",Andres,Levin
323,"['Camarillo, CA, USA']",['Rat Sound Systems'],Dave,Levine
324,"['Hannover, Germany']",['Leibniz Universität Hannover'],Song,Li
325,"['Beijing, China', 'Shanghai, China']","['Chinese Academy of Sciences', 'Chinese Academy of Sciences']",Xiaodong,Li
326,"['Valencia, CA, USA']",['Samsung Research America'],Yuan,Li
327,"['Beijing, China']",['Beijing Institute of Technology'],Zhitong,Li
328,"['Beijing, China']",['Beijing Institute of Technology'],Zhuoran,Li
329,"['Beijing, China']","['Institute of Acoustics, Chinese Academy of Sciences']",Ziqing,Li
330,"['Tokyo, Japan']",['Sony Corporation'],Wei-Hsiang,Liao
331,"['Santa Clara, CA, USA']",['Goertek Electronics Inc.'],Richard,Little
332,"['Nanjing, China']",['Nanjing University'],Ziyun,Liu
333,['Alcala de Henares'],['University of Alcalá'],Sr.,Llerena-Aguilar
334,"['Seattle, WA, USA']",['Glenn Sound Inc'],Glenn,Lorbecki
335,"['Portland, ME, USA']","['Gateway Mastering Studios, Inc.']",Bob,Ludwig
336,"['Erlangen, Germany']",['International Audio Laboratories Erlangen'],Maria,Luis Valero
337,"['Cambridge, MA, USA']","['iZotope, Inc.']",Alexey,Lukin
338,"['Iisalmi, Finland']",['Genelec Oy'],Thomas,Lund
339,"['Beijing, China']","['Institute of Acoustics, Chinese Academy of Sciences']",Pingzhan,Luo
340,['None'],['None'],Gavin,Lurssen
341,"['Chicago, IL, USA']",['Chicago Mastering Service'],Margaret,Luthar
342,['None'],['NTP'],Jan,Lykke
343,"['New York, NY, USA']",['Durst Broadcasting LLC'],John,Lyons
344,"['Tigard, OR, USA']",['NTi Audio Inc.'],Brian,MacMillan
345,"['Bozeman, MT, USA']",['Montana State University'],Robert,Maher
346,"['Vienna, Austria']",['Austrian Academy of Sciences'],Piotr,Majdak
347,"['Krakow, Poland']",['AGH University of Science and Technology'],Pawel,Malecki
348,"['South Brisbane, Queensland, Australia']",['JLM Audio'],Joe,Malone
349,"['Paris, France']",['CNRS-Musé de la Musique'],Thierry,Maniguet
350,"['Ilmenau, Germany']",['Fraunhofer Institute for Digital Media Technology IDMT'],Andreas,Männchen
351,"['Colchester, Essex, UK']",['Peter Mapp Associates'],Peter,Mapp
352,"['Nashville, TN, USA']",['Mara Machines'],Chris,Mara
353,['None'],['Source Elements'],Robert,Marshall
354,['Parma'],['Contralto Audio srl'],Paolo,Martignon
355,"['Beaverton, OR, USA']",['Audio Precision'],Mark,Martin
356,"['Guildford, Surrey, UK']",['University of Surrey'],Russell,Mason
357,"['Montreal, Quebec, Canada', 'None']","['Schulich School of Music, McGill University', 'Centre for Interdisciplinary Research in Music Media and Technology']",George,Massenburg
358,"['Setagaya, Tokyo, Japan']",['NHK Science & Technology Research Laboratories'],Kentaro,Matsui
359,"['Tokyo-to, Japan']",['SONA Co.'],Akiho,Matsuo
360,"['Vancouver, WA, USA']","['HP, Inc.']",Timothy,Mauer
361,"['New York, NY, USA']",['Arup'],Alexander,Mayo
362,"['Buenos Aires, Argentina']",['Andres Mayo Mastering & Audio Post'],Andres,Mayo
363,"['College Park, MD, USA']",['University of Maryland'],Paul,Mayo
364,['None'],['Meyer Sound'],Bob,McCarthy
365,"['Belfast, Northern Ireland, UK']",['Qualcomm Technology International Ltd.'],Jonny,McClintock
366,['None'],['Microphone Parts'],Matthew,McGlynn
367,"['Sunnyvale, CA, USA']",['Wire Grind Audio'],Stephen,McGovern
368,['Appiano Gentile'],"['SAATI, SPA']",Jason,McIntosh
369,"['York, UK']",['University of York'],Thomas,McKenzie
370,"['Northridge, CA, USA']",['Harman Professional'],Brian,McLaughlin
371,['None'],['Epic Games'],Aaron,McLeran
372,"['Hollywood, CA, USA']",['Capitol Studios Mastering'],Ron,McMaster
373,"['Valencia, CA USA']",['Samsung Research America'],Elisabeth,McMullin
374,"['Philadelphia, PA, USA']",['Carpenter Technology Corporation'],Md,Mehedi
375,"['Southampton, UK']",['University of Southampton'],Dylan,Menzies
376,"['Severna Park, MD, USA', 'None']","['Peabody Conservatory, Johns Hopkins', 'Baltimore, MD, USA']",Scott,Metcalfe
377,"['New York City, NY, USA']",['Swan Studios NYC / Meyer Media LLC'],Andreas,Meyer
378,"['Berkeley, CA, USA']",['Meyer Sound Labs'],John,Meyer
379,['None'],['None'],Alan,Meyerson
380,"['Queens, NY, USA']",['Electro-Harmonix / New Sensor Corporation'],Jonathan,Michelson
381,"['Derby, UK']",['University of Derby'],Charles,Middlicott
382,"['San Diego, CA, USA']",['Perkins Coie LLP'],Thomas,Millikan
383,"['Old Lyme, CT, USA']",['Sennheiser'],Dave,Missal
384,"['Coral Gables, FL, USA']",['University of Miami'],Thomas,Mitchell
385,"['Tokyo, Japan']",['Sony Corporation'],Yuki,Mitsufuji
386,"['London, UK']",['Queen Mary University London'],Dave,Moffat
387,"['Alcalá de Henares, Madrid, Spain']",['University of Alcalá'],Inma,Mohíno-Herranz
388,['Germany'],['DELTA Soundworks'],Ana,Monte
389,['None'],['IATSE'],Jenny,Montgomery
390,"['Marcoussis, France']",['L-Acoustics'],François,Montignies
391,['None'],['Gwangju Institute of Science and Technology'],Jung,Moon
392,"['Austin, TX, USA']",['KLRU-TV Austin Public Television'],Amanda,Moore
393,['None'],['Cnam'],Julian,Moreira
394,"['Buenos Aires, Capital Federal, Argentina']",['TITANIO'],Ezequiel,Morfi
395,"['Seattle, WA, USA', 'Seattle, WA, USA']","['Dansound Inc.', 'Friends of the 30th Street Studio']",Dan,Mortensen
396,"['New York, NY, USA']",['Avalanche Studios'],Ronny,Mraz
397,"['Munich, Germany']",['Harman Becker Automotive Systems GmbH'],Tobias,Münch
398,"['York, UK']",['University of York'],Damian,Murphy
399,"['Huddersfield, UK']",['University of Huddersfield'],Mark,Mynett
400,"['Tokyo, Japan']",['Evixar Inc.'],Yasuhiko,Nagatomo
401,"['Erlangen, Germany', 'Erlangen, Germany']","['Fraunhofer Institute for Integrated Circuits IIS', 'International Audio Laboratories']",Frederik,Nagel
402,"['Paris, France']",['IRCAM'],Judy,Najnudel
403,"['Tokyo, Japan', 'Tokyo, Japan']","['ONFUTURE Ltd.', 'SONA Corp.']",Masataka,Nakahara
404,"['Lancaster, PA,  USA']","['Audio Resource Group, Inc.']",Dave,Natale
405,['None'],['Jessie Davis Music'],DJ,Nebraska
406,"['Calabasas, CA, USA']",['XPERI/DTS'],Elias,Nemer
407,"['Quebec, Canada']",['Ubisoft'],Greig,Newby
408,"['Lannion, France']",['Orange Labs'],Rozenn,Nicol
409,"['Erlangen, Germany']",['Fraunhofer Institute for Integrated Circuits IIS'],Andreas,Niedermeier
410,"['Itzehoe, Germany']",['Fraunhofer Institute for Silicon Technology ISIT'],Florian,Niekiel
411,"['Santa Ana, CA, USA']",['Xperi/DTS'],Daekyoung,Noh
412,['UK'],['SoundChip'],Mark,Noon
413,"['Hannover, Germany']",['Leibniz Universität Hannover'],Marcel,Nophut
414,"['Basel, Switzerland']",['WSDG'],Dirk,Noy
415,"['New York, NY, USA']",['Empire State Building'],Shane,O’Donoghue
416,"['Gdansk, Poland']",['Gdansk University of Technology'],Piotr,Odya
417,"['Seoul, Korea']","['Samsung Electronics Co., Ltd.']",Eunmi,Oh
418,"['Tokyo, Japan']",['Sony Corporation'],Kazunobu,Ohkuri
419,"['Northridge, CA, USA']",['Harman International'],Sean,Olive
420,"['Fukuoka, Japan', 'Tokyo, Japan']","['Kyushu University', 'Onfuture Ltd.']",Akira,Omoto
421,"['Setagaya-ku, Tokyo, Japan']",['NHK Science & Technology Research Laboratories'],Kazuho,Ono
422,"['Setagaya-ku, Tokyo, Japan']",['NHK Science & Technology Research Laboratories'],Satoshi,Oode
423,"['Sacramento, CA, USA']",['Bonneville International'],Jason,Ornellas
424,"['Tokyo, Japan']",['Sony Corporation'],Keiichi,Osako
425,['Russia'],['PDMI RAS'],Konstantin,Osipov
426,['None'],['None'],Jim,Pace
427,"['None', 'St. Petersburg, Russia']","['SPb Audio R&D', 'Lab']",Mikhail,Pakhomov
428,"['Salford, UK']",['BBC Research and Development'],Matthew,Paradis
429,"['Evanston, IL, USA']",['Northwestern University'],Bryan,Pardo
430,"['Huddersfield, UK']",['University of Huddersfield'],Andrew,Parker
431,"['London, UK']",['Black Saloon Studios'],Mandy,Parnell
432,['None'],"['Uncivil/Gimlet, Another Round/Buzzfeed']",Chaquita,Paschal
433,"['London, UK']","['London College of Music, University of West London']",Justin,Paterson
434,"['San Diego, CA, USA']",['University of California San Diego'],Elliot,Patros
435,"['None', 'Union City, NJ  USA']","['G&J', 'Audio']",Gene,Paul
436,"['San Francisco Bay Area, CA']",['Neato Mastering'],Piper,Payne
437,"['Hannover, Germany']",['Leibniz Universität Hannover'],Jürgen,Peissig
438,"['Boston, MA, USA']",['Berklee College of Music'],Andrea,Pejrolo
439,"['Zhengzhou, China']",['Tianjin University'],He,Peng
440,['None'],"['Buenos Aires, Argentina']",Eduardo,Pereyra
441,"['Kgs. Lyngby, Denmark']",['Technical University of Denmark'],Andreas,Petersen
442,"['Niles, IL, USA']",['Shure Inc.'],Michael,Pettersen
443,"['Milan, Italy']",['Politecnico di Milano'],Mirco,Pezzoli
444,"['Rochester, NY, USA']",['University of Rochester'],Steve,Philbert
445,"['None', 'None', 'York, UK']","['BBC R&D', '- Salford, UK', 'University of York']",Chris,Pike
446,"['Krakow, Poland']",['AGH University of Science and Technology'],Adam,Pilch
447,"['Poland', 'Poland']","['Gdansk University of Technology', 'Hear Candy Mastering']",Magdalena,Piotrowska
448,"['Kraków, Poland']",['AGH University of Science and Technology'],Kamil,Piotrowski
449,"['Washington DC, USA']",['NAB'],Skip,Pizzi
450,"['Kgs. Lyngby, Denmark']",['Technical University of Denmark'],Daniel,Plewe
451,"['Erlangen, Germany']",['Fraunhofer Institute for Integrated Circuits IIS'],Jan,Plogsties
452,"['Guildford, Surrey, UK']",['University of Surrey'],Mark,Plumbley
453,"['Cleveland, OH, USA']",['Well Made Music'],Dave,Polster
454,"['St. Petersburg, Russia']",['PDMI RAS'],Anton,Porov
455,"['Lethbridge, Alberta, Canada']",['University of Lethbridge'],Amandine,Pras
456,"['Hannover, Germany']",['Leibniz Universität Hannover'],Stephan,Preihs
457,['None'],['None'],Howard,Price
458,"['San Diego, CA, USA']",['University of California San Diego'],Miller,Puckette
459,"['Beijing, China']",['Peking University'],Yue,Qiao
460,"['Beijing, China']","['Academy of Broadcasting Planning, SAPPRFT']",Yili,Qin
461,"['Beijing, China']",['Peking University'],Tianshu,Qu
462,['None'],['RafterMarsh'],Heather,Rafter
463,['Russia'],['Mariinsky Theatre'],Nadezhda,Rakhmanova
464,['None'],['Berklee College of Music'],DJ,Raydar Ellis
465,['None'],['None'],Julian,Raymond
466,['None'],['Pliant Technologies'],Mark,Rehfuss
467,"['London, UK']",['Queen Mary University of London'],Joshua,Reiss
468,['None'],['Aurasonic'],Steve,Remote
469,"['Tokyo, Japan']",['University of Electro-Communications'],Yi,Ren
470,"['London, UK']",['Abbey Road Studios'],Hashim,Riaz
471,"['Englewood CO, USA']",['Starz Entertainment'],Sean,Richardson
472,"['San Francisco, CA USA']",['Dolby Laboratories'],Jeffrey,Riedmiller
473,['None'],['None'],Mark,Rifkin
474,"['York, UK']",['University of York'],David,Rivas Méndez
475,"['Erlangen, Germany']",['International Audio Laboratories Erlangen'],Thomas,Robotham
476,"['Rochester, NY, USA']",['University of Rochester'],Stephen,Roessner
477,"['Boston, MA, USA']",['Berklee College of Music'],Susan,Rogers
478,"['New York, NY, USA']",['New York University'],Agnieszka,Roginska
479,"['New York, NY, USA']",['Emmis Broadcasting'],Alex,Roman
480,"['Berkeley, CA, USA', 'None']","['Coast Mastering', 'The Tape Project']",Michael,Romanowski
481,"['Alcalá de Henares, Madrid, Spain']",['University of Alcalá'],Manuel,Rosa-Zurera
482,"['Santa Barbara, CA, USA']",['University of California Santa Barbara'],Kenneth,Rose
483,['None'],['Pliant Technologies'],Gary,Rosen
484,['None'],['ClearCom'],Rom,Rosenblum
485,"['New York, NY, USA']",['Arup'],Leonard,Roussel
486,['CNRS-Sorbonne Université'],['IRCAM'],David,Roze
487,"['None', 'St. Petersburg, Russia']","['SPb Audio R&D', 'Lab']",Victor,Rozhnov
488,"['Nashville, TN, USA', 'Nashville, TN, USA']","['The Blackbird Academy', 'Pogo Studio']",Mark,Rubel
489,"['York, UK', 'None']","['University of York', 'Coherent Audio Systems']",Tomasz,Rudzki
490,"['Erlangen, Germany', 'Erlangen, Germany']","['International Audio Laboratories Erlangen', 'Fraunhofer IIS']",Olli,Rummukainen
491,"['Valencia, CA, USA']",['Samsung Electronics'],Will,Saba
492,"['Philadelphia, PA, USA']","['Drexel University’s, Westphal College of Media Arts & Design']",Allen,Sabinson
493,['None'],"['Hamburg, Germany']",Maryam,Safi
494,"['Atlanta, GA, USA']","['Turner Sports Vice President, Operations and Technology, Turner Sports']",Tom,Sahara
495,['None'],['None'],Paula,Salvatore
496,"['Alcalá de Henares, Madrid, Spain']",['University of Alcalá'],Héctor,Sánchez-Hevia
497,['Germany'],['Dear Reality GmbH'],Christian,Sander
498,"['London, UK']",['Queen Mary University of London'],Mark,Sandler
499,"['Beijing, China']","['Institute of Acoustics, Chinese Academy of Science']",Jinqiu,Sang
500,['None'],['None'],Rafa,Sardina
501,"['Milan, Italy']",['Politecnico di Milano'],Augusto,Sarti
502,"['Baton Rouge, LA, USA']",['Presonus Audio Electronics-Worx Audio Technologies'],Hugh,Sarvis
503,"['Tokyo, Japan']",['NHK Science & Technology Research Laboratories'],Yo,Sasaki
504,"['Washington, DC, USA']",['National Association of Broadcasters'],Brian,Savoie
505,['USA'],['Producer'],Elliot,Scheiner
506,"['Tuebingen, Germany']",['Eberhard Karls University Tuebingen'],Andreas,Schilling
507,"['Hannover, Germany']",['Leibniz Universität Hannover'],Roman,Schlieper
508,"['Schaan, Liechtenstein']",['NTi Audio AG'],Gregor,Schmidle
509,['None'],"['Los Angeles, CA, USA']",Al,Schmitt
510,"['Bexley, OH, USA']",['Capital University'],Neal,Schmitt
511,"['Liege, Belgium']",['University of Liege'],Thomas,Schmitz
512,['None'],['Minnesota Public Radio|American Public Media'],Corey,Schreppel
513,"['Towson, MD, USA']",['Towson University'],Adam,Schwartz
514,['None'],"['National Library Preservation Board, Mitchell Silberberg & Knupp LLP']",Eric,Schwartz
515,"['Philadelphia, PA, USA']",['Drexel University'],Toby,Seay
516,['None'],['Riedel'],Rick,Seegull
517,"['Rennes, France']",['Centrale-Supélec'],Renaud,Seguier
518,['None'],['Gimlet'],Haley,Shaw
519,"['Cleveland, OH, USA']",['The Telos Alliance'],Greg,Shay
520,['None'],[''],Harry,Shearer
521,['None'],['Radio Active Designs'],Geoff,Shearing
522,"['Auckland, New Zealand']",['Auckland University of Technology'],Maree,Sheehan
523,"['Nanjing, Jiangsu Province, China']",['Nanjing University'],Yong,Shen
524,"['Nanjing, China']",['Nanjing University'],Yuchen,Shen
525,['None'],['None'],Judy,Sherman
526,"['New York, NY']",['National Audio Theatre Festivals'],David,Shinn
527,"['Salford, Greater Manchester, UK', 'Salford, Greater Manchester, UK']","['University of Salford', 'Salsa Sound Ltd']",Ben,Shirley
528,"['Smithtown, NY USA']",['Shuster Sound'],Bob,Shuster
529,"['Stanford, CA, USA', 'Berkeley, CA, USA']","['Stanford University', 'Meyer Sound Laboratories']",Juan,Sierra
530,"['Los Angeles, CA, USA']","['Vice President of Technology and Strategy, Fox Networks']",Steve,Silva
531,"['New York, NY, USA']",['New York University'],Noah,Simon
532,"['Southampton, UK']",['University of Southampton'],Marcos,Simón
533,"['Troy, NY, USA']",['Rensselaer Polytechnic Institute'],Mary,Simoni
534,"['Paris, France', 'Le Mans, France']","['ARKAMYS', 'Le Mans University']",Daniil,Sinev
535,['Chicago & NYC'],['City University of New York / Sensaphonics'],Laura,Sinnott
536,"['Toms River, NJ,  USA']",['Synthetic Sound Labs'],Doug,Slocum
537,['None'],['RTS'],Ken,Smally
538,"['San Francisco, CA, USA']","['MainStreaming, Inc.']",Mike,Smith
539,"['Rochester, NY, USA']",['University of Rochester'],Sarah,Smith
540,"['McMahons Point, NSW, Australia']",['Dolby Laboratories'],Michael,Smithers
541,"['Princeton, NJ, USA']",['Princeton University'],Jeff,Snyder
542,"['Athens, OH, USA']","['Ohio University, School of Media Arts & Studies']",Kyle,Snyder
543,"['Krakow, Poland']",['AGH University of Science and Technology'],Katarzyna,Sochaczewska
544,"['New York, NY, USA']",['New York University'],Parichat,Songmuang
545,"['Montreal, QC, Canada']",['Triton Digital'],Samuel,Sousa
546,"['Los Angeles, CA, USA', 'None']","['PD Squared', 'Good Leche']",Jacques,Spillmann
547,"['Martinsville, NJ']",['Herb Squire'],Herb,Squire
548,['None'],['None'],Laurie,Squire
549,"['New York, NY, USA']",['New York University'],Sripathi,Sridhar
550,"['Gdansk, Poland']",['Gdansk University of Technology'],Andrzej,Sroczynski
551,"['Birmingham, UK']",['Birmingham City University'],Ryan,Stables
552,"['San Francisco, CA, USA']",['Dolby Laboratories'],Karen,Stackpole
553,"['None', 'None']","['NBCUniversal', 'ATSC Group']",Jim,Starzynski
554,"['Pittsburgh, PA, USA']",['Carnegie Mellon University'],Richard,Stern
555,['None'],['None'],Candace,Stewart
556,"['London, UK']",['Abbey Road Studios'],Mirek,Stiles
557,"['Key West, FL, USA']",['Independent'],James,Stoffo
558,"['Itzehoe, Germany']",['Fraunhofer Institute for Silicon Technology ISIT'],Fabian,Stoppel
559,"['Highland, NY, USA']",['Walters-Storyk Design Group'],John,Storyk
560,"['Bloomington, IN, USA']",['Indiana University'],Konrad,Strauss
561,"['Larkspur, CA, USA']",['S Systems Inc.'],John,Strawn
562,"['San Francisco, CA, USA', 'None']","['CJS Labs', 'Acoustical Society of America']",Christopher,Struck
563,"['York, UK']",['University of York'],Jessica,Stubbs
564,"['New York, NY, USA']",['Professional Wireless Systems'],Cameron,Stuckey
565,['Japan'],['Sharp Corporation'],Takeaki,Suenaga
566,"['Setagaya-ku, Tokyo, Japan']",['NHK'],Takehiro,Sugimoto
567,"['Valencia, CA, USA']",['Samsung Electronics'],Victoria,Suha
568,"['Pittsburg, PA, USA']",['Carnegie Mellon University'],Thomas,Sullivan
569,['Korea'],['Samsung Electronics'],Hosang,Sung
570,"['Karlsruhe, Germany', 'None']","['MVOID Group', 'Wien, Austria']",Alfred,Svobodnik
571,"['Cambridge, MA', 'None']","['iZotope, Inc.', 'Tufts University']",Bradford,Swanson
572,"['Kraków, Poland']",['AGH University of Science and Technology'],Adam,Szwajcowski
573,"['Bloomington, IN, USA', 'None']","['Indiana University', 'Stagg Sound Services, LLC']",Jamie,Tagg
574,"['Minato-ku, Tokyo, Japan']",['be Blue Co .'],Masumi,Takino
575,"['Callaghan, NSW, Australia']",['University of Newcastle'],Robert,Taylor
576,"['California, USA']",['Facebook'],Abesh,Thakur
577,"['Calabasas, CA, USA']",['XPERI/DTS'],Jeff,Thompson
578,"['Berkeley, CA, USA']",['Jessica Thompson Audio'],Jessica,Thompson
579,"['Atlanta, GA, USA']",['Turner Studios'],Erinn,Thorp
580,"['Oak Park, CA, USA']","['Acoustical consultant to Harman, ex. Harman VP Acoustical Engineering']",Floyd,Toole
581,"['London, UK']",['University of Westminster'],Rob,Toulson
582,"['Irvine, CA, USA']",['Blizzard Entertainment'],Andrea,Toyias
583,['None'],['Audible'],Alex,Trajano
584,['None'],"['Prairie Du Sac, WI, USA']",Gary,Trenda
585,"['Nakano-ku, Tokyo, Japan']",['SONA Co.'],Ritsuko,Tsuchikura
586,"['York, UK']",['University of York'],Benjamin,Tsui
587,"['Tokyo, Japan']",['Japan Television Network Corporation'],Joji,Urano
588,"['Alcalá de Henares, Madrid, Spain']",['University of Alcalá'],Manuel,Utrilla-Manso
589,"['Paris, France']",['CNRS-Musé de la Musique'],Stéphane,Vaiedelich
590,"['Seattle, WA, USA']",['Microsoft'],George,Valavanis
591,"['Omaha, NE, USA']",['Orion Healthcare Technology'],Timothy,Vallier
592,"['Oldenburg, Germany']",['Fraunhofer Hör-Sprach- und Audio Technologie'],Steven,van de Par
593,"['Schwerzenbach, Switzerland']",['Archwave Technologies'],Arie,van den Broek
594,['None'],['None'],CJ,Vanston
595,"['New York City, NY USA']","['Senior Sound Designer, Avalanche Studios']",Dominic,Vega
596,['CNRS'],['IRCAM'],Isabelle,Viaud-Delmon
597,"['Tampere, Finland']",['Tampere University of Technology'],Tuomas,Virtanen
598,['None'],[''],Tony,Visconti
599,"['Northridge, CA, USA']",['JBL/Harman Professional Solutions'],Alexander,Voishvillo
600,"['Munich, Germany']",['Harman Becker Automotive Systems GmbH'],Adrian,von dem Knesebeck
601,"['Munich, Germany']",['Harman Becker Automotive Systems GmbH'],Friedrich,von Türckheim
602,"['Memphis, TN, USA']",['Soundways'],Gebre,Waddell
603,"['Itzehoe, Germany']",['Fraunhofer Institute for Silicon Technology ISIT'],Bernhard,Wagner
604,"['Calabasas, CA, USA']",['XPERI/DTS'],Oveal,Walker
605,"['Little Ferry, NJ, USA']",['Eventide'],Joe,Waltz
606,"['Beijing, China']",['Beijing Institute of Technology'],Jing,Wang
607,['None'],['AES'],Shusen,Wang
608,['None'],['None'],Yao,Wang
609,"['Salford, UK']",['University of Salford'],Lauren,Ward
610,"['Valley Village, CA, USA']",['SPARS'],Drew,Waters
611,"['London, UK']",['Queen Mary University London'],James,Weaver
612,"['Beijing, China']","['Institute of Acoustics, Chinese Academy of Sciences']",Tong,Wei
613,"['New York, NY, USA']",['City University of New York'],Barbara,Weinstein
614,"['New York, NY, USA']",['New York Public Radio'],George,Wellington
615,['USA'],"['Producer, mixer, songwriter']",Greg,Wells
616,"['San Francisco, CA, USA']","['HP, Inc.']",Teresa,Wells
617,"['Northridge, CA, USA']",['Harman International Inc.'],Todd,Welti
618,['None'],['None'],Edward,Wersocki
619,"['Manchester, UK']",['Naked Productions'],Eloise,Whitmore
620,"['Derby, Derbyshire, UK']",['University of Derby'],Bruce,Wiggins
621,"['Chicago, IL, USA']",['Shure Inc.'],Emily,Wigley
622,"['Hamburg, Germany']",['HAW Hamburg'],Eva,Wilk
623,"['Washington, DC, USA']",['Univision'],Fred,Willard
624,"['Salford, Greater Manchester, UK']",['University of Salford'],Alex,Wilson
625,"['New Milford, CT, USA', 'None']","['RealTraps', 'ethanwiner.com']",Ethan,Winer
626,"['Rio Rancho, NM, USA']",['Lectrosonics'],Karl,Winkler
627,"['Merrick, NY, USA']","['Seth B. Winner Sound Studios, Inc.']",Seth,Winner
628,"['San Francisco, CA, USA']","[""Women's Audio Mission""]",Terri,Winston
629,['None'],['Xperi Corporation'],Samara,Winterfeld
630,"['Karlsruhe, Germany']",['SCHOEPS GmbH'],Helmut,Wittek
631,"['Brooklyn, NY, USA']",['Willie Green Music'],Paul,Womack
632,"['Salford, Greater Manchester, UK']",['University of Salford'],James,Woodcock
633,"['Montreal, QC, Canada']",['McGill University'],Wieslaw,Woszczyk
634,"['Beijing, China']",['Peking University'],Xihong,Wu
635,"['Boston, MA, USA', 'None']","['M Works Studios/iZotope/Berklee College of Music', 'M Works Mastering']",Jonathan,Wyner
636,"['Troy, NY, USA']",['Rensselaer Polytechnic Institute'],Ning,Xiang
637,"['Beijing, China']",['Beijing Institute of Technology'],Xiang,Xie
638,"['Phoenix, AZ, USA']",['Central Sound at Arizona PBS'],Eric,Xu
639,"['Tokyo, Japan']",['University of Electro-Communications'],Asuka,Yamazato
640,"['Beijing, China']",['Beijing Institute of Technology'],Zhaoyu,Yan
641,['WA'],['Radsone Inc.'],Jay,Yoo
642,"['Hørsholm, Denmark']","['Force Technology, SenseLab']",Nick,Zacharov
643,"['Santa Barbara, CA, USA']",['University of California Santa Barbara'],Sina,Zamani
644,"['New York, NY, USA', 'None']","['Zeltec Service Labs', 'Zeltec Research & Development']",Dan,Zellman
645,"['Poznan, Poland']",['Zylia sp. z o.o.'],Tomasz,Zernicki
646,"['Beijing, China']","['Academy of Broadcasting Planning, SAPPRFT']",Jiandong,Zhang
647,"['Beijing, China']","['Institute of Acoustics, Chinese Academy of Sciences']",Chengshi,Zheng
648,"['Beaverton, OR, USA']",['Audio Precision'],Xinhui,Zhou
649,"['Stuttgart, Germany', 'Tübingen, Germany']","['Stuttgart Media University', 'Eberhard Karls University Tübingen']",Jonathan,Ziegler
650,"['Carle Place, NY, USA']",['SueMedia Productions'],Sue,Zizza
